date,country,H,I,S,D,M
2021-04-01,Sweden,9,0,0,0,0
2021-04-01,Afghanistan,37,0,0,0,0
2021-04-01,Australia,24,0,0,0,0
2021-04-02,Sweden,5,4,0,0,0
2021-04-02,Afghanistan,29,8,0,0,0
2021-04-02,Australia,16,8,0,0,0
2021-04-03,Sweden,3,6,0,0,0
2021-04-03,Afghanistan,22,15,0,0,0
2021-04-03,Australia,14,10,0,0,0
2021-04-04,Sweden,2,7,0,0,0
2021-04-04,Afghanistan,18,19,0,0,0
2021-04-04,Australia,12,12,0,0,0
2021-04-05,Sweden,2,7,0,0,0
2021-04-05,Afghanistan,14,23,0,0,0
2021-04-05,Australia,10,14,0,0,0
2021-04-06,Sweden,2,7,0,0,0
2021-04-06,Afghanistan,12,25,0,0,0
2021-04-06,Australia,8,16,0,0,0
2021-04-07,Sweden,2,3,3,0,1
2021-04-07,Afghanistan,10,19,3,0,5
2021-04-07,Australia,7,9,3,0,5
2021-04-08,Sweden,1,2,4,0,2
2021-04-08,Afghanistan,8,14,8,0,7
2021-04-08,Australia,2,12,4,0,6
2021-04-09,Sweden,1,1,4,0,3
2021-04-09,Afghanistan,7,11,10,0,9
2021-04-09,Australia,2,10,4,0,8
2021-04-10,Sweden,1,1,4,0,3
2021-04-10,Afghanistan,6,8,12,0,11
2021-04-10,Australia,1,9,6,0,8
2021-04-11,Sweden,1,1,4,0,3
2021-04-11,Afghanistan,5,7,13,0,12
2021-04-11,Australia,0,8,7,0,9
2021-04-12,Sweden,0,2,4,0,3
2021-04-12,Afghanistan,5,5,13,0,14
2021-04-12,Australia,0,7,8,0,9
2021-04-13,Sweden,0,1,4,0,4
2021-04-13,Afghanistan,3,5,14,0,15
2021-04-13,Australia,0,2,11,0,11
2021-04-14,Sweden,0,1,4,0,4
2021-04-14,Afghanistan,2,5,15,0,15
2021-04-14,Australia,0,2,11,0,11
2021-04-15,Sweden,0,1,4,0,4
2021-04-15,Afghanistan,2,4,16,0,15
2021-04-15,Australia,0,1,12,0,11
2021-04-16,Sweden,0,1,4,0,4
2021-04-16,Afghanistan,1,4,17,0,15
2021-04-16,Australia,0,0,12,0,12
2021-04-17,Sweden,0,0,4,0,5
2021-04-17,Afghanistan,1,4,17,0,15
2021-04-17,Australia,0,0,12,0,12
2021-04-18,Sweden,0,0,4,0,5
2021-04-18,Afghanistan,1,2,18,0,16
2021-04-18,Australia,0,0,12,0,12
2021-04-19,Sweden,0,0,4,0,5
2021-04-19,Afghanistan,1,1,19,0,16
2021-04-19,Australia,0,0,12,0,12
2021-04-20,Sweden,0,0,4,0,5
2021-04-20,Afghanistan,1,1,19,0,16
2021-04-20,Australia,0,0,12,0,12
2021-04-21,Sweden,0,0,4,0,5
2021-04-21,Afghanistan,1,0,20,0,16
2021-04-21,Australia,0,0,12,0,12
2021-04-22,Sweden,0,0,1,1,7
2021-04-22,Afghanistan,1,0,17,0,19
2021-04-22,Australia,0,0,9,1,14
2021-04-23,Sweden,0,0,0,1,8
2021-04-23,Afghanistan,1,0,12,1,23
2021-04-23,Australia,0,0,8,1,15
2021-04-24,Sweden,0,0,0,1,8
2021-04-24,Afghanistan,1,0,10,3,23
2021-04-24,Australia,0,0,8,1,15
2021-04-25,Sweden,0,0,0,1,8
2021-04-25,Afghanistan,1,0,8,4,24
2021-04-25,Australia,0,0,6,1,17
2021-04-26,Sweden,0,0,0,1,8
2021-04-26,Afghanistan,0,1,7,4,25
2021-04-26,Australia,0,0,5,1,18
2021-04-27,Sweden,0,0,0,1,8
2021-04-27,Afghanistan,0,1,7,4,25
2021-04-27,Australia,0,0,4,1,19
2021-04-28,Sweden,0,0,0,1,8
2021-04-28,Afghanistan,0,1,6,4,26
2021-04-28,Australia,0,0,1,1,22
2021-04-29,Sweden,0,0,0,1,8
2021-04-29,Afghanistan,0,1,5,4,27
2021-04-29,Australia,0,0,1,1,22
2021-04-30,Sweden,0,0,0,1,8
2021-04-30,Afghanistan,0,1,4,4,28
2021-04-30,Australia,0,0,0,1,23
2021-05-01,Sweden,0,0,0,1,8
2021-05-01,Afghanistan,0,0,4,4,29
2021-05-01,Australia,0,0,0,1,23
2021-05-02,Sweden,0,0,0,1,8
2021-05-02,Afghanistan,0,0,4,4,29
2021-05-02,Australia,0,0,0,1,23
2021-05-03,Sweden,0,0,0,1,8
2021-05-03,Afghanistan,0,0,3,4,30
2021-05-03,Australia,0,0,0,1,23
2021-05-04,Sweden,0,0,0,1,8
2021-05-04,Afghanistan,0,0,2,4,31
2021-05-04,Australia,0,0,0,1,23
2021-05-05,Sweden,0,0,0,1,8
2021-05-05,Afghanistan,0,0,2,4,31
2021-05-05,Australia,0,0,0,1,23
2021-05-06,Sweden,0,0,0,1,8
2021-05-06,Afghanistan,0,0,1,4,32
2021-05-06,Australia,0,0,0,1,23
2021-05-07,Sweden,0,0,0,1,8
2021-05-07,Afghanistan,0,0,1,4,32
2021-05-07,Australia,0,0,0,1,23
2021-05-08,Sweden,0,0,0,1,8
2021-05-08,Afghanistan,0,0,1,4,32
2021-05-08,Australia,0,0,0,1,23
2021-05-09,Sweden,0,0,0,1,8
2021-05-09,Afghanistan,0,0,1,4,32
2021-05-09,Australia,0,0,0,1,23
2021-05-10,Sweden,0,0,0,1,8
2021-05-10,Afghanistan,0,0,1,4,32
2021-05-10,Australia,0,0,0,1,23
2021-05-11,Sweden,0,0,0,1,8
2021-05-11,Afghanistan,0,0,1,4,32
2021-05-11,Australia,0,0,0,1,23
2021-05-12,Sweden,0,0,0,1,8
2021-05-12,Afghanistan,0,0,1,4,32
2021-05-12,Australia,0,0,0,1,23
2021-05-13,Sweden,0,0,0,1,8
2021-05-13,Afghanistan,0,0,1,4,32
2021-05-13,Australia,0,0,0,1,23
2021-05-14,Sweden,0,0,0,1,8
2021-05-14,Afghanistan,0,0,1,4,32
2021-05-14,Australia,0,0,0,1,23
2021-05-15,Sweden,0,0,0,1,8
2021-05-15,Afghanistan,0,0,1,4,32
2021-05-15,Australia,0,0,0,1,23
2021-05-16,Sweden,0,0,0,1,8
2021-05-16,Afghanistan,0,0,0,4,33
2021-05-16,Australia,0,0,0,1,23
2021-05-17,Sweden,0,0,0,1,8
2021-05-17,Afghanistan,0,0,0,4,33
2021-05-17,Australia,0,0,0,1,23
2021-05-18,Sweden,0,0,0,1,8
2021-05-18,Afghanistan,0,0,0,4,33
2021-05-18,Australia,0,0,0,1,23
2021-05-19,Sweden,0,0,0,1,8
2021-05-19,Afghanistan,0,0,0,4,33
2021-05-19,Australia,0,0,0,1,23
2021-05-20,Sweden,0,0,0,1,8
2021-05-20,Afghanistan,0,0,0,4,33
2021-05-20,Australia,0,0,0,1,23
2021-05-21,Sweden,0,0,0,1,8
2021-05-21,Afghanistan,0,0,0,4,33
2021-05-21,Australia,0,0,0,1,23
2021-05-22,Sweden,0,0,0,1,8
2021-05-22,Afghanistan,0,0,0,4,33
2021-05-22,Australia,0,0,0,1,23
2021-05-23,Sweden,0,0,0,1,8
2021-05-23,Afghanistan,0,0,0,4,33
2021-05-23,Australia,0,0,0,1,23
2021-05-24,Sweden,0,0,0,1,8
2021-05-24,Afghanistan,0,0,0,4,33
2021-05-24,Australia,0,0,0,1,23
2021-05-25,Sweden,0,0,0,1,8
2021-05-25,Afghanistan,0,0,0,4,33
2021-05-25,Australia,0,0,0,1,23
2021-05-26,Sweden,0,0,0,1,8
2021-05-26,Afghanistan,0,0,0,4,33
2021-05-26,Australia,0,0,0,1,23
2021-05-27,Sweden,0,0,0,1,8
2021-05-27,Afghanistan,0,0,0,4,33
2021-05-27,Australia,0,0,0,1,23
2021-05-28,Sweden,0,0,0,1,8
2021-05-28,Afghanistan,0,0,0,4,33
2021-05-28,Australia,0,0,0,1,23
2021-05-29,Sweden,0,0,0,1,8
2021-05-29,Afghanistan,0,0,0,4,33
2021-05-29,Australia,0,0,0,1,23
2021-05-30,Sweden,0,0,0,1,8
2021-05-30,Afghanistan,0,0,0,4,33
2021-05-30,Australia,0,0,0,1,23
2021-05-31,Sweden,0,0,0,1,8
2021-05-31,Afghanistan,0,0,0,4,33
2021-05-31,Australia,0,0,0,1,23
2021-06-01,Sweden,0,0,0,1,8
2021-06-01,Afghanistan,0,0,0,4,33
2021-06-01,Australia,0,0,0,1,23
2021-06-02,Sweden,0,0,0,1,8
2021-06-02,Afghanistan,0,0,0,4,33
2021-06-02,Australia,0,0,0,1,23
2021-06-03,Sweden,0,0,0,1,8
2021-06-03,Afghanistan,0,0,0,4,33
2021-06-03,Australia,0,0,0,1,23
2021-06-04,Sweden,0,0,0,1,8
2021-06-04,Afghanistan,0,0,0,4,33
2021-06-04,Australia,0,0,0,1,23
2021-06-05,Sweden,0,0,0,1,8
2021-06-05,Afghanistan,0,0,0,4,33
2021-06-05,Australia,0,0,0,1,23
2021-06-06,Sweden,0,0,0,1,8
2021-06-06,Afghanistan,0,0,0,4,33
2021-06-06,Australia,0,0,0,1,23
2021-06-07,Sweden,0,0,0,1,8
2021-06-07,Afghanistan,0,0,0,4,33
2021-06-07,Australia,0,0,0,1,23
2021-06-08,Sweden,0,0,0,1,8
2021-06-08,Afghanistan,0,0,0,4,33
2021-06-08,Australia,0,0,0,1,23
2021-06-09,Sweden,0,0,0,1,8
2021-06-09,Afghanistan,0,0,0,4,33
2021-06-09,Australia,0,0,0,1,23
2021-06-10,Sweden,0,0,0,1,8
2021-06-10,Afghanistan,0,0,0,4,33
2021-06-10,Australia,0,0,0,1,23
2021-06-11,Sweden,0,0,0,1,8
2021-06-11,Afghanistan,0,0,0,4,33
2021-06-11,Australia,0,0,0,1,23
2021-06-12,Sweden,0,0,0,1,8
2021-06-12,Afghanistan,0,0,0,4,33
2021-06-12,Australia,0,0,0,1,23
2021-06-13,Sweden,0,0,0,1,8
2021-06-13,Afghanistan,0,0,0,4,33
2021-06-13,Australia,0,0,0,1,23
2021-06-14,Sweden,0,0,0,1,8
2021-06-14,Afghanistan,0,0,0,4,33
2021-06-14,Australia,0,0,0,1,23
2021-06-15,Sweden,0,0,0,1,8
2021-06-15,Afghanistan,0,0,0,4,33
2021-06-15,Australia,0,0,0,1,23
2021-06-16,Sweden,0,0,0,1,8
2021-06-16,Afghanistan,0,0,0,4,33
2021-06-16,Australia,0,0,0,1,23
2021-06-17,Sweden,0,0,0,1,8
2021-06-17,Afghanistan,0,0,0,4,33
2021-06-17,Australia,0,0,0,1,23
2021-06-18,Sweden,0,0,0,1,8
2021-06-18,Afghanistan,0,0,0,4,33
2021-06-18,Australia,0,0,0,1,23
2021-06-19,Sweden,0,0,0,1,8
2021-06-19,Afghanistan,0,0,0,4,33
2021-06-19,Australia,0,0,0,1,23
2021-06-20,Sweden,0,0,0,1,8
2021-06-20,Afghanistan,0,0,0,4,33
2021-06-20,Australia,0,0,0,1,23
2021-06-21,Sweden,0,0,0,1,8
2021-06-21,Afghanistan,0,0,0,4,33
2021-06-21,Australia,0,0,0,1,23
2021-06-22,Sweden,0,0,0,1,8
2021-06-22,Afghanistan,0,0,0,4,33
2021-06-22,Australia,0,0,0,1,23
2021-06-23,Sweden,0,0,0,1,8
2021-06-23,Afghanistan,0,0,0,4,33
2021-06-23,Australia,0,0,0,1,23
2021-06-24,Sweden,0,0,0,1,8
2021-06-24,Afghanistan,0,0,0,4,33
2021-06-24,Australia,0,0,0,1,23
2021-06-25,Sweden,0,0,0,1,8
2021-06-25,Afghanistan,0,0,0,4,33
2021-06-25,Australia,0,0,0,1,23
2021-06-26,Sweden,0,0,0,1,8
2021-06-26,Afghanistan,0,0,0,4,33
2021-06-26,Australia,0,0,0,1,23
2021-06-27,Sweden,0,0,0,1,8
2021-06-27,Afghanistan,0,0,0,4,33
2021-06-27,Australia,0,0,0,1,23
2021-06-28,Sweden,0,0,0,1,8
2021-06-28,Afghanistan,0,0,0,4,33
2021-06-28,Australia,0,0,0,1,23
2021-06-29,Sweden,0,0,0,1,8
2021-06-29,Afghanistan,0,0,0,4,33
2021-06-29,Australia,0,0,0,1,23
2021-06-30,Sweden,0,0,0,1,8
2021-06-30,Afghanistan,0,0,0,4,33
2021-06-30,Australia,0,0,0,1,23
2021-07-01,Sweden,0,0,0,1,8
2021-07-01,Afghanistan,0,0,0,4,33
2021-07-01,Australia,0,0,0,1,23
2021-07-02,Sweden,0,0,0,1,8
2021-07-02,Afghanistan,0,0,0,4,33
2021-07-02,Australia,0,0,0,1,23
2021-07-03,Sweden,0,0,0,1,8
2021-07-03,Afghanistan,0,0,0,4,33
2021-07-03,Australia,0,0,0,1,23
2021-07-04,Sweden,0,0,0,1,8
2021-07-04,Afghanistan,0,0,0,4,33
2021-07-04,Australia,0,0,0,1,23
2021-07-05,Sweden,0,0,0,1,8
2021-07-05,Afghanistan,0,0,0,4,33
2021-07-05,Australia,0,0,0,1,23
2021-07-06,Sweden,0,0,0,1,8
2021-07-06,Afghanistan,0,0,0,4,33
2021-07-06,Australia,0,0,0,1,23
2021-07-07,Sweden,0,0,0,1,8
2021-07-07,Afghanistan,0,0,0,4,33
2021-07-07,Australia,0,0,0,1,23
2021-07-08,Sweden,0,0,0,1,8
2021-07-08,Afghanistan,0,0,0,4,33
2021-07-08,Australia,0,0,0,1,23
2021-07-09,Sweden,0,0,0,1,8
2021-07-09,Afghanistan,0,0,0,4,33
2021-07-09,Australia,0,0,0,1,23
2021-07-10,Sweden,0,0,0,1,8
2021-07-10,Afghanistan,0,0,0,4,33
2021-07-10,Australia,0,0,0,1,23
2021-07-11,Sweden,0,0,0,1,8
2021-07-11,Afghanistan,0,0,0,4,33
2021-07-11,Australia,0,0,0,1,23
2021-07-12,Sweden,0,0,0,1,8
2021-07-12,Afghanistan,0,0,0,4,33
2021-07-12,Australia,0,0,0,1,23
2021-07-13,Sweden,0,0,0,1,8
2021-07-13,Afghanistan,0,0,0,4,33
2021-07-13,Australia,0,0,0,1,23
2021-07-14,Sweden,0,0,0,1,8
2021-07-14,Afghanistan,0,0,0,4,33
2021-07-14,Australia,0,0,0,1,23
2021-07-15,Sweden,0,0,0,1,8
2021-07-15,Afghanistan,0,0,0,4,33
2021-07-15,Australia,0,0,0,1,23
2021-07-16,Sweden,0,0,0,1,8
2021-07-16,Afghanistan,0,0,0,4,33
2021-07-16,Australia,0,0,0,1,23
2021-07-17,Sweden,0,0,0,1,8
2021-07-17,Afghanistan,0,0,0,4,33
2021-07-17,Australia,0,0,0,1,23
2021-07-18,Sweden,0,0,0,1,8
2021-07-18,Afghanistan,0,0,0,4,33
2021-07-18,Australia,0,0,0,1,23
2021-07-19,Sweden,0,0,0,1,8
2021-07-19,Afghanistan,0,0,0,4,33
2021-07-19,Australia,0,0,0,1,23
2021-07-20,Sweden,0,0,0,1,8
2021-07-20,Afghanistan,0,0,0,4,33
2021-07-20,Australia,0,0,0,1,23
2021-07-21,Sweden,0,0,0,1,8
2021-07-21,Afghanistan,0,0,0,4,33
2021-07-21,Australia,0,0,0,1,23
2021-07-22,Sweden,0,0,0,1,8
2021-07-22,Afghanistan,0,0,0,4,33
2021-07-22,Australia,0,0,0,1,23
2021-07-23,Sweden,0,0,0,1,8
2021-07-23,Afghanistan,0,0,0,4,33
2021-07-23,Australia,0,0,0,1,23
2021-07-24,Sweden,0,0,0,1,8
2021-07-24,Afghanistan,0,0,0,4,33
2021-07-24,Australia,0,0,0,1,23
2021-07-25,Sweden,0,0,0,1,8
2021-07-25,Afghanistan,0,0,0,4,33
2021-07-25,Australia,0,0,0,1,23
2021-07-26,Sweden,0,0,0,1,8
2021-07-26,Afghanistan,0,0,0,4,33
2021-07-26,Australia,0,0,0,1,23
2021-07-27,Sweden,0,0,0,1,8
2021-07-27,Afghanistan,0,0,0,4,33
2021-07-27,Australia,0,0,0,1,23
2021-07-28,Sweden,0,0,0,1,8
2021-07-28,Afghanistan,0,0,0,4,33
2021-07-28,Australia,0,0,0,1,23
2021-07-29,Sweden,0,0,0,1,8
2021-07-29,Afghanistan,0,0,0,4,33
2021-07-29,Australia,0,0,0,1,23
2021-07-30,Sweden,0,0,0,1,8
2021-07-30,Afghanistan,0,0,0,4,33
2021-07-30,Australia,0,0,0,1,23
2021-07-31,Sweden,0,0,0,1,8
2021-07-31,Afghanistan,0,0,0,4,33
2021-07-31,Australia,0,0,0,1,23
2021-08-01,Sweden,0,0,0,1,8
2021-08-01,Afghanistan,0,0,0,4,33
2021-08-01,Australia,0,0,0,1,23
2021-08-02,Sweden,0,0,0,1,8
2021-08-02,Afghanistan,0,0,0,4,33
2021-08-02,Australia,0,0,0,1,23
2021-08-03,Sweden,0,0,0,1,8
2021-08-03,Afghanistan,0,0,0,4,33
2021-08-03,Australia,0,0,0,1,23
2021-08-04,Sweden,0,0,0,1,8
2021-08-04,Afghanistan,0,0,0,4,33
2021-08-04,Australia,0,0,0,1,23
2021-08-05,Sweden,0,0,0,1,8
2021-08-05,Afghanistan,0,0,0,4,33
2021-08-05,Australia,0,0,0,1,23
2021-08-06,Sweden,1,0,0,1,7
2021-08-06,Afghanistan,5,0,0,4,28
2021-08-06,Australia,5,0,0,1,18
2021-08-07,Sweden,2,0,0,1,6
2021-08-07,Afghanistan,5,2,0,4,26
2021-08-07,Australia,6,0,0,1,17
2021-08-08,Sweden,3,0,0,1,5
2021-08-08,Afghanistan,5,4,0,4,24
2021-08-08,Australia,7,1,0,1,15
2021-08-09,Sweden,2,1,0,1,5
2021-08-09,Afghanistan,6,5,0,4,22
2021-08-09,Australia,4,4,0,1,15
2021-08-10,Sweden,1,2,0,1,5
2021-08-10,Afghanistan,7,5,0,4,21
2021-08-10,Australia,3,6,0,1,14
2021-08-11,Sweden,0,3,0,1,5
2021-08-11,Afghanistan,7,7,0,4,19
2021-08-11,Australia,2,7,0,1,14
2021-08-12,Sweden,1,3,0,1,4
2021-08-12,Afghanistan,6,7,1,4,19
2021-08-12,Australia,4,7,0,1,12
2021-08-13,Sweden,0,4,0,1,4
2021-08-13,Afghanistan,6,5,1,4,21
2021-08-13,Australia,4,6,0,1,13
2021-08-14,Sweden,0,3,0,1,5
2021-08-14,Afghanistan,5,5,2,4,21
2021-08-14,Australia,2,5,2,1,14
2021-08-15,Sweden,0,2,0,1,6
2021-08-15,Afghanistan,4,6,2,4,21
2021-08-15,Australia,3,3,3,1,14
2021-08-16,Sweden,1,1,0,1,6
2021-08-16,Afghanistan,3,5,3,4,22
2021-08-16,Australia,1,4,3,1,15
2021-08-17,Sweden,1,1,0,1,6
2021-08-17,Afghanistan,3,4,5,4,21
2021-08-17,Australia,1,4,3,1,15
2021-08-18,Sweden,1,0,0,1,7
2021-08-18,Afghanistan,3,4,5,4,21
2021-08-18,Australia,1,4,3,1,15
2021-08-19,Sweden,0,1,0,1,7
2021-08-19,Afghanistan,3,3,5,4,22
2021-08-19,Australia,1,2,4,1,16
2021-08-20,Sweden,0,1,0,1,7
2021-08-20,Afghanistan,3,2,6,4,22
2021-08-20,Australia,1,2,4,1,16
2021-08-21,Sweden,2,1,0,1,5
2021-08-21,Afghanistan,6,1,7,4,19
2021-08-21,Australia,2,1,4,1,16
2021-08-22,Sweden,3,1,0,1,4
2021-08-22,Afghanistan,9,1,8,4,15
2021-08-22,Australia,3,1,4,1,15
2021-08-23,Sweden,2,2,0,1,4
2021-08-23,Afghanistan,6,4,8,4,15
2021-08-23,Australia,3,1,4,1,15
2021-08-24,Sweden,1,2,1,1,4
2021-08-24,Afghanistan,6,5,8,4,14
2021-08-24,Australia,5,1,4,1,13
2021-08-25,Sweden,0,3,1,1,4
2021-08-25,Afghanistan,3,9,8,4,13
2021-08-25,Australia,4,3,4,1,12
2021-08-26,Sweden,0,3,1,1,4
2021-08-26,Afghanistan,2,10,8,4,13
2021-08-26,Australia,5,2,5,1,11
2021-08-27,Sweden,0,3,1,1,4
2021-08-27,Afghanistan,3,9,8,4,13
2021-08-27,Australia,6,4,5,1,8
2021-08-28,Sweden,0,2,2,1,4
2021-08-28,Afghanistan,4,6,8,4,15
2021-08-28,Australia,6,4,5,1,8
2021-08-29,Sweden,0,1,2,1,5
2021-08-29,Afghanistan,4,6,8,4,15
2021-08-29,Australia,6,5,3,1,9
2021-08-30,Sweden,0,0,2,1,6
2021-08-30,Afghanistan,5,2,10,4,16
2021-08-30,Australia,4,5,2,1,12
2021-08-31,Sweden,0,0,2,1,6
2021-08-31,Afghanistan,3,3,10,5,16
2021-08-31,Australia,3,6,2,1,12
2021-09-01,Sweden,0,0,2,1,6
2021-09-01,Afghanistan,4,3,8,5,17
2021-09-01,Australia,3,4,4,1,12
2021-09-02,Sweden,0,0,2,1,6
2021-09-02,Afghanistan,4,4,8,5,16
2021-09-02,Australia,3,4,4,1,12
2021-09-03,Sweden,0,0,2,1,6
2021-09-03,Afghanistan,4,3,9,5,16
2021-09-03,Australia,2,4,4,1,13
2021-09-04,Sweden,0,0,2,1,6
2021-09-04,Afghanistan,5,3,8,6,15
2021-09-04,Australia,1,3,5,1,14
2021-09-05,Sweden,0,0,2,1,6
2021-09-05,Afghanistan,4,2,8,6,17
2021-09-05,Australia,1,2,5,1,15
2021-09-06,Sweden,0,0,2,1,6
2021-09-06,Afghanistan,3,3,7,6,18
2021-09-06,Australia,1,2,5,1,15
2021-09-07,Sweden,0,0,2,1,6
2021-09-07,Afghanistan,3,2,7,6,19
2021-09-07,Australia,1,2,5,1,15
2021-09-08,Sweden,0,0,1,1,7
2021-09-08,Afghanistan,3,2,7,6,19
2021-09-08,Australia,1,1,5,1,16
2021-09-09,Sweden,0,0,1,1,7
2021-09-09,Afghanistan,3,2,7,6,19
2021-09-09,Australia,1,0,5,1,17
2021-09-10,Sweden,0,0,1,1,7
2021-09-10,Afghanistan,3,1,7,6,20
2021-09-10,Australia,1,0,4,1,18
2021-09-11,Sweden,0,0,1,1,7
2021-09-11,Afghanistan,2,1,7,6,21
2021-09-11,Australia,0,1,4,1,18
2021-09-12,Sweden,0,0,0,1,8
2021-09-12,Afghanistan,1,2,7,6,21
2021-09-12,Australia,0,1,4,1,18
2021-09-13,Sweden,0,0,0,1,8
2021-09-13,Afghanistan,1,2,6,6,22
2021-09-13,Australia,0,1,4,1,18
2021-09-14,Sweden,0,0,0,1,8
2021-09-14,Afghanistan,2,2,4,6,23
2021-09-14,Australia,0,1,4,1,18
2021-09-15,Sweden,0,0,0,1,8
2021-09-15,Afghanistan,2,2,3,6,24
2021-09-15,Australia,0,1,4,1,18
2021-09-16,Sweden,0,0,0,1,8
2021-09-16,Afghanistan,2,1,3,6,25
2021-09-16,Australia,0,0,2,1,21
2021-09-17,Sweden,0,0,0,1,8
2021-09-17,Afghanistan,2,0,3,6,26
2021-09-17,Australia,0,0,2,1,21
2021-09-18,Sweden,0,0,0,1,8
2021-09-18,Afghanistan,2,0,2,6,27
2021-09-18,Australia,0,0,1,2,21
2021-09-19,Sweden,0,0,0,1,8
2021-09-19,Afghanistan,2,0,2,6,27
2021-09-19,Australia,0,0,0,3,21
2021-09-20,Sweden,0,0,0,1,8
2021-09-20,Afghanistan,2,0,1,6,28
2021-09-20,Australia,0,0,0,3,21
2021-09-21,Sweden,0,0,0,1,8
2021-09-21,Afghanistan,2,0,1,6,28
2021-09-21,Australia,0,0,0,3,21
2021-09-22,Sweden,0,0,0,1,8
2021-09-22,Afghanistan,2,0,1,6,28
2021-09-22,Australia,0,0,0,3,21
2021-09-23,Sweden,0,0,0,1,8
2021-09-23,Afghanistan,2,0,1,6,28
2021-09-23,Australia,0,0,0,3,21
2021-09-24,Sweden,0,0,0,1,8
2021-09-24,Afghanistan,2,0,1,6,28
2021-09-24,Australia,0,0,0,3,21
2021-09-25,Sweden,0,0,0,1,8
2021-09-25,Afghanistan,2,0,1,6,28
2021-09-25,Australia,0,0,0,3,21
2021-09-26,Sweden,0,0,0,1,8
2021-09-26,Afghanistan,1,1,0,7,28
2021-09-26,Australia,0,0,0,3,21
2021-09-27,Sweden,0,0,0,1,8
2021-09-27,Afghanistan,1,1,0,7,28
2021-09-27,Australia,0,0,0,3,21
2021-09-28,Sweden,0,0,0,1,8
2021-09-28,Afghanistan,1,1,0,7,28
2021-09-28,Australia,0,0,0,3,21
2021-09-29,Sweden,0,0,0,1,8
2021-09-29,Afghanistan,1,1,0,7,28
2021-09-29,Australia,0,0,0,3,21
2021-09-30,Sweden,0,0,0,1,8
2021-09-30,Afghanistan,1,1,0,7,28
2021-09-30,Australia,0,0,0,3,21
2021-10-01,Sweden,0,0,0,1,8
2021-10-01,Afghanistan,1,0,0,7,29
2021-10-01,Australia,0,0,0,3,21
2021-10-02,Sweden,0,0,0,1,8
2021-10-02,Afghanistan,1,0,0,7,29
2021-10-02,Australia,0,0,0,3,21
2021-10-03,Sweden,0,0,0,1,8
2021-10-03,Afghanistan,1,0,0,7,29
2021-10-03,Australia,0,0,0,3,21
2021-10-04,Sweden,0,0,0,1,8
2021-10-04,Afghanistan,1,0,0,7,29
2021-10-04,Australia,0,0,0,3,21
2021-10-05,Sweden,0,0,0,1,8
2021-10-05,Afghanistan,1,0,0,7,29
2021-10-05,Australia,0,0,0,3,21
2021-10-06,Sweden,0,0,0,1,8
2021-10-06,Afghanistan,1,0,0,7,29
2021-10-06,Australia,0,0,0,3,21
2021-10-07,Sweden,0,0,0,1,8
2021-10-07,Afghanistan,1,0,0,7,29
2021-10-07,Australia,0,0,0,3,21
2021-10-08,Sweden,0,0,0,1,8
2021-10-08,Afghanistan,1,0,0,7,29
2021-10-08,Australia,0,0,0,3,21
2021-10-09,Sweden,0,0,0,1,8
2021-10-09,Afghanistan,1,0,0,7,29
2021-10-09,Australia,0,0,0,3,21
2021-10-10,Sweden,0,0,0,1,8
2021-10-10,Afghanistan,1,0,0,7,29
2021-10-10,Australia,0,0,0,3,21
2021-10-11,Sweden,0,0,0,1,8
2021-10-11,Afghanistan,1,0,0,7,29
2021-10-11,Australia,0,0,0,3,21
2021-10-12,Sweden,0,0,0,1,8
2021-10-12,Afghanistan,1,0,0,7,29
2021-10-12,Australia,0,0,0,3,21
2021-10-13,Sweden,0,0,0,1,8
2021-10-13,Afghanistan,1,0,0,7,29
2021-10-13,Australia,0,0,0,3,21
2021-10-14,Sweden,0,0,0,1,8
2021-10-14,Afghanistan,1,0,0,7,29
2021-10-14,Australia,0,0,0,3,21
2021-10-15,Sweden,0,0,0,1,8
2021-10-15,Afghanistan,1,0,0,7,29
2021-10-15,Australia,0,0,0,3,21
2021-10-16,Sweden,0,0,0,1,8
2021-10-16,Afghanistan,1,0,0,7,29
2021-10-16,Australia,0,0,0,3,21
2021-10-17,Sweden,0,0,0,1,8
2021-10-17,Afghanistan,1,0,0,7,29
2021-10-17,Australia,0,0,0,3,21
2021-10-18,Sweden,0,0,0,1,8
2021-10-18,Afghanistan,0,1,0,7,29
2021-10-18,Australia,0,0,0,3,21
2021-10-19,Sweden,0,0,0,1,8
2021-10-19,Afghanistan,0,1,0,7,29
2021-10-19,Australia,0,0,0,3,21
2021-10-20,Sweden,0,0,0,1,8
2021-10-20,Afghanistan,0,1,0,7,29
2021-10-20,Australia,0,0,0,3,21
2021-10-21,Sweden,0,0,0,1,8
2021-10-21,Afghanistan,0,1,0,7,29
2021-10-21,Australia,0,0,0,3,21
2021-10-22,Sweden,0,0,0,1,8
2021-10-22,Afghanistan,0,1,0,7,29
2021-10-22,Australia,0,0,0,3,21
2021-10-23,Sweden,0,0,0,1,8
2021-10-23,Afghanistan,0,0,0,7,30
2021-10-23,Australia,0,0,0,3,21
2021-10-24,Sweden,0,0,0,1,8
2021-10-24,Afghanistan,0,0,0,7,30
2021-10-24,Australia,0,0,0,3,21
2021-10-25,Sweden,0,0,0,1,8
2021-10-25,Afghanistan,0,0,0,7,30
2021-10-25,Australia,0,0,0,3,21
2021-10-26,Sweden,0,0,0,1,8
2021-10-26,Afghanistan,0,0,0,7,30
2021-10-26,Australia,0,0,0,3,21
2021-10-27,Sweden,0,0,0,1,8
2021-10-27,Afghanistan,0,0,0,7,30
2021-10-27,Australia,0,0,0,3,21
2021-10-28,Sweden,0,0,0,1,8
2021-10-28,Afghanistan,0,0,0,7,30
2021-10-28,Australia,0,0,0,3,21
2021-10-29,Sweden,0,0,0,1,8
2021-10-29,Afghanistan,0,0,0,7,30
2021-10-29,Australia,0,0,0,3,21
2021-10-30,Sweden,0,0,0,1,8
2021-10-30,Afghanistan,0,0,0,7,30
2021-10-30,Australia,0,0,0,3,21
2021-10-31,Sweden,0,0,0,1,8
2021-10-31,Afghanistan,0,0,0,7,30
2021-10-31,Australia,0,0,0,3,21
2021-11-01,Sweden,0,0,0,1,8
2021-11-01,Afghanistan,0,0,0,7,30
2021-11-01,Australia,0,0,0,3,21
2021-11-02,Sweden,0,0,0,1,8
2021-11-02,Afghanistan,0,0,0,7,30
2021-11-02,Australia,0,0,0,3,21
2021-11-03,Sweden,0,0,0,1,8
2021-11-03,Afghanistan,0,0,0,7,30
2021-11-03,Australia,0,0,0,3,21
2021-11-04,Sweden,0,0,0,1,8
2021-11-04,Afghanistan,0,0,0,7,30
2021-11-04,Australia,0,0,0,3,21
2021-11-05,Sweden,0,0,0,1,8
2021-11-05,Afghanistan,0,0,0,7,30
2021-11-05,Australia,0,0,0,3,21
2021-11-06,Sweden,0,0,0,1,8
2021-11-06,Afghanistan,0,0,0,7,30
2021-11-06,Australia,0,0,0,3,21
2021-11-07,Sweden,0,0,0,1,8
2021-11-07,Afghanistan,0,0,0,7,30
2021-11-07,Australia,0,0,0,3,21
2021-11-08,Sweden,0,0,0,1,8
2021-11-08,Afghanistan,0,0,0,7,30
2021-11-08,Australia,0,0,0,3,21
2021-11-09,Sweden,0,0,0,1,8
2021-11-09,Afghanistan,0,0,0,7,30
2021-11-09,Australia,0,0,0,3,21
2021-11-10,Sweden,0,0,0,1,8
2021-11-10,Afghanistan,0,0,0,7,30
2021-11-10,Australia,0,0,0,3,21
2021-11-11,Sweden,0,0,0,1,8
2021-11-11,Afghanistan,0,0,0,7,30
2021-11-11,Australia,0,0,0,3,21
2021-11-12,Sweden,0,0,0,1,8
2021-11-12,Afghanistan,0,0,0,7,30
2021-11-12,Australia,0,0,0,3,21
2021-11-13,Sweden,0,0,0,1,8
2021-11-13,Afghanistan,0,0,0,7,30
2021-11-13,Australia,0,0,0,3,21
2021-11-14,Sweden,0,0,0,1,8
2021-11-14,Afghanistan,0,0,0,7,30
2021-11-14,Australia,0,0,0,3,21
2021-11-15,Sweden,0,0,0,1,8
2021-11-15,Afghanistan,0,0,0,7,30
2021-11-15,Australia,0,0,0,3,21
2021-11-16,Sweden,0,0,0,1,8
2021-11-16,Afghanistan,0,0,0,7,30
2021-11-16,Australia,0,0,0,3,21
2021-11-17,Sweden,0,0,0,1,8
2021-11-17,Afghanistan,0,0,0,7,30
2021-11-17,Australia,0,0,0,3,21
2021-11-18,Sweden,0,0,0,1,8
2021-11-18,Afghanistan,0,0,0,7,30
2021-11-18,Australia,0,0,0,3,21
2021-11-19,Sweden,0,0,0,1,8
2021-11-19,Afghanistan,0,0,0,7,30
2021-11-19,Australia,0,0,0,3,21
2021-11-20,Sweden,0,0,0,1,8
2021-11-20,Afghanistan,0,0,0,7,30
2021-11-20,Australia,0,0,0,3,21
2021-11-21,Sweden,0,0,0,1,8
2021-11-21,Afghanistan,0,0,0,7,30
2021-11-21,Australia,0,0,0,3,21
2021-11-22,Sweden,0,0,0,1,8
2021-11-22,Afghanistan,0,0,0,7,30
2021-11-22,Australia,0,0,0,3,21
2021-11-23,Sweden,0,0,0,1,8
2021-11-23,Afghanistan,0,0,0,7,30
2021-11-23,Australia,0,0,0,3,21
2021-11-24,Sweden,0,0,0,1,8
2021-11-24,Afghanistan,0,0,0,7,30
2021-11-24,Australia,0,0,0,3,21
2021-11-25,Sweden,0,0,0,1,8
2021-11-25,Afghanistan,0,0,0,7,30
2021-11-25,Australia,0,0,0,3,21
2021-11-26,Sweden,0,0,0,1,8
2021-11-26,Afghanistan,0,0,0,7,30
2021-11-26,Australia,0,0,0,3,21
2021-11-27,Sweden,0,0,0,1,8
2021-11-27,Afghanistan,0,0,0,7,30
2021-11-27,Australia,0,0,0,3,21
2021-11-28,Sweden,0,0,0,1,8
2021-11-28,Afghanistan,0,0,0,7,30
2021-11-28,Australia,0,0,0,3,21
2021-11-29,Sweden,0,0,0,1,8
2021-11-29,Afghanistan,0,0,0,7,30
2021-11-29,Australia,0,0,0,3,21
2021-11-30,Sweden,0,0,0,1,8
2021-11-30,Afghanistan,0,0,0,7,30
2021-11-30,Australia,0,0,0,3,21
2021-12-01,Sweden,0,0,0,1,8
2021-12-01,Afghanistan,0,0,0,7,30
2021-12-01,Australia,0,0,0,3,21
2021-12-02,Sweden,0,0,0,1,8
2021-12-02,Afghanistan,0,0,0,7,30
2021-12-02,Australia,0,0,0,3,21
2021-12-03,Sweden,0,0,0,1,8
2021-12-03,Afghanistan,0,0,0,7,30
2021-12-03,Australia,0,0,0,3,21
2021-12-04,Sweden,0,0,0,1,8
2021-12-04,Afghanistan,0,0,0,7,30
2021-12-04,Australia,0,0,0,3,21
2021-12-05,Sweden,0,0,0,1,8
2021-12-05,Afghanistan,0,0,0,7,30
2021-12-05,Australia,0,0,0,3,21
2021-12-06,Sweden,0,0,0,1,8
2021-12-06,Afghanistan,0,0,0,7,30
2021-12-06,Australia,0,0,0,3,21
2021-12-07,Sweden,0,0,0,1,8
2021-12-07,Afghanistan,0,0,0,7,30
2021-12-07,Australia,0,0,0,3,21
2021-12-08,Sweden,0,0,0,1,8
2021-12-08,Afghanistan,0,0,0,7,30
2021-12-08,Australia,0,0,0,3,21
2021-12-09,Sweden,0,0,0,1,8
2021-12-09,Afghanistan,0,0,0,7,30
2021-12-09,Australia,0,0,0,3,21
2021-12-10,Sweden,0,0,0,1,8
2021-12-10,Afghanistan,0,0,0,7,30
2021-12-10,Australia,0,0,0,3,21
2021-12-11,Sweden,0,0,0,1,8
2021-12-11,Afghanistan,1,0,0,7,29
2021-12-11,Australia,0,0,0,3,21
2021-12-12,Sweden,0,0,0,1,8
2021-12-12,Afghanistan,3,0,0,7,27
2021-12-12,Australia,1,0,0,3,20
2021-12-13,Sweden,1,0,0,1,7
2021-12-13,Afghanistan,3,0,0,7,27
2021-12-13,Australia,2,0,0,3,19
2021-12-14,Sweden,2,0,0,1,6
2021-12-14,Afghanistan,3,0,0,7,27
2021-12-14,Australia,2,1,0,3,18
2021-12-15,Sweden,2,1,0,1,5
2021-12-15,Afghanistan,3,1,0,7,26
2021-12-15,Australia,3,1,0,3,17
2021-12-16,Sweden,2,1,0,1,5
2021-12-16,Afghanistan,1,3,0,7,26
2021-12-16,Australia,3,1,0,3,17
2021-12-17,Sweden,3,1,0,1,4
2021-12-17,Afghanistan,1,3,0,7,26
2021-12-17,Australia,3,1,0,3,17
2021-12-18,Sweden,2,2,0,1,4
2021-12-18,Afghanistan,2,3,0,7,25
2021-12-18,Australia,3,2,0,3,16
2021-12-19,Sweden,2,2,0,1,4
2021-12-19,Afghanistan,1,4,0,7,25
2021-12-19,Australia,3,1,0,3,17
2021-12-20,Sweden,2,1,0,1,5
2021-12-20,Afghanistan,1,3,1,7,25
2021-12-20,Australia,4,2,0,3,15
2021-12-21,Sweden,2,1,0,1,5
2021-12-21,Afghanistan,1,1,3,7,25
2021-12-21,Australia,1,5,0,3,15
2021-12-22,Sweden,2,1,0,1,5
2021-12-22,Afghanistan,1,1,3,7,25
2021-12-22,Australia,1,5,0,3,15
2021-12-23,Sweden,2,0,0,1,6
2021-12-23,Afghanistan,0,2,3,7,25
2021-12-23,Australia,1,4,1,3,15
2021-12-24,Sweden,2,0,0,1,6
2021-12-24,Afghanistan,0,1,4,7,25
2021-12-24,Australia,1,4,1,3,15
2021-12-25,Sweden,1,1,0,1,6
2021-12-25,Afghanistan,0,1,4,7,25
2021-12-25,Australia,0,4,2,3,15
2021-12-26,Sweden,0,2,0,1,6
2021-12-26,Afghanistan,1,1,4,7,24
2021-12-26,Australia,0,1,4,3,16
2021-12-27,Sweden,0,2,0,1,6
2021-12-27,Afghanistan,4,1,4,7,21
2021-12-27,Australia,0,1,4,3,16
2021-12-28,Sweden,1,2,0,1,5
2021-12-28,Afghanistan,5,0,4,7,21
2021-12-28,Australia,2,1,4,3,14
2021-12-29,Sweden,2,2,0,1,4
2021-12-29,Afghanistan,6,1,4,7,19
2021-12-29,Australia,3,3,4,3,11
2021-12-30,Sweden,1,2,0,1,5
2021-12-30,Afghanistan,4,3,4,7,19
2021-12-30,Australia,3,2,5,3,11
2021-12-31,Sweden,1,1,1,1,5
2021-12-31,Afghanistan,5,4,4,7,17
2021-12-31,Australia,2,3,5,3,11
2022-01-01,Sweden,1,1,1,1,5
2022-01-01,Afghanistan,4,5,4,7,17
2022-01-01,Australia,1,4,5,3,11
2022-01-02,Sweden,1,1,1,1,5
2022-01-02,Afghanistan,2,7,4,7,17
2022-01-02,Australia,1,5,5,3,10
2022-01-03,Sweden,1,1,1,1,5
2022-01-03,Afghanistan,1,7,4,7,18
2022-01-03,Australia,2,3,6,3,10
2022-01-04,Sweden,0,1,2,1,5
2022-01-04,Afghanistan,3,5,3,8,18
2022-01-04,Australia,2,4,6,3,9
2022-01-05,Sweden,0,1,2,1,5
2022-01-05,Afghanistan,3,5,1,8,20
2022-01-05,Australia,2,3,6,3,10
2022-01-06,Sweden,0,1,2,1,5
2022-01-06,Afghanistan,4,4,2,8,19
2022-01-06,Australia,1,3,6,3,11
2022-01-07,Sweden,1,1,2,1,4
2022-01-07,Afghanistan,3,3,4,8,19
2022-01-07,Australia,1,3,6,3,11
2022-01-08,Sweden,1,1,2,1,4
2022-01-08,Afghanistan,3,2,3,8,21
2022-01-08,Australia,2,3,6,3,10
2022-01-09,Sweden,1,0,3,1,4
2022-01-09,Afghanistan,4,2,3,8,20
2022-01-09,Australia,2,3,5,4,10
2022-01-10,Sweden,1,0,3,1,4
2022-01-10,Afghanistan,5,1,3,8,20
2022-01-10,Australia,1,4,3,5,11
2022-01-11,Sweden,2,0,3,1,3
2022-01-11,Afghanistan,3,3,3,8,20
2022-01-11,Australia,1,3,4,5,11
2022-01-12,Sweden,1,1,3,1,3
2022-01-12,Afghanistan,4,2,4,8,19
2022-01-12,Australia,1,2,5,5,11
2022-01-13,Sweden,1,1,3,1,3
2022-01-13,Afghanistan,5,3,4,8,17
2022-01-13,Australia,1,2,5,5,11
2022-01-14,Sweden,1,1,3,1,3
2022-01-14,Afghanistan,6,3,4,8,16
2022-01-14,Australia,1,1,5,6,11
2022-01-15,Sweden,1,1,2,1,4
2022-01-15,Afghanistan,7,3,4,8,15
2022-01-15,Australia,4,0,6,6,8
2022-01-16,Sweden,1,1,2,1,4
2022-01-16,Afghanistan,6,3,5,8,15
2022-01-16,Australia,4,0,6,6,8
2022-01-17,Sweden,1,0,3,1,4
2022-01-17,Afghanistan,6,4,5,8,14
2022-01-17,Australia,3,1,6,6,8
2022-01-18,Sweden,1,0,3,1,4
2022-01-18,Afghanistan,4,5,5,8,15
2022-01-18,Australia,2,2,5,6,9
2022-01-19,Sweden,0,1,2,1,5
2022-01-19,Afghanistan,3,7,5,8,14
2022-01-19,Australia,1,3,5,6,9
2022-01-20,Sweden,0,1,2,1,5
2022-01-20,Afghanistan,3,7,5,8,14
2022-01-20,Australia,1,3,5,6,9
2022-01-21,Sweden,0,1,2,1,5
2022-01-21,Afghanistan,2,6,5,8,16
2022-01-21,Australia,1,3,5,6,9
2022-01-22,Sweden,0,1,2,1,5
2022-01-22,Afghanistan,2,5,3,8,19
2022-01-22,Australia,1,2,5,6,10
2022-01-23,Sweden,0,1,2,1,5
2022-01-23,Afghanistan,2,3,4,8,20
2022-01-23,Australia,1,1,5,6,11
2022-01-24,Sweden,0,0,1,2,6
2022-01-24,Afghanistan,2,1,6,8,20
2022-01-24,Australia,0,1,6,6,11
2022-01-25,Sweden,0,0,1,2,6
2022-01-25,Afghanistan,2,1,6,8,20
2022-01-25,Australia,0,1,6,6,11
2022-01-26,Sweden,0,0,1,2,6
2022-01-26,Afghanistan,2,0,7,8,20
2022-01-26,Australia,0,1,5,6,12
2022-01-27,Sweden,0,0,1,2,6
2022-01-27,Afghanistan,2,0,6,8,21
2022-01-27,Australia,0,1,4,6,13
2022-01-28,Sweden,0,0,1,2,6
2022-01-28,Afghanistan,2,0,6,8,21
2022-01-28,Australia,0,1,4,6,13
2022-01-29,Sweden,0,0,1,2,6
2022-01-29,Afghanistan,2,0,6,8,21
2022-01-29,Australia,0,0,4,6,14
2022-01-30,Sweden,0,0,1,2,6
2022-01-30,Afghanistan,2,1,6,8,20
2022-01-30,Australia,0,0,3,6,15
2022-01-31,Sweden,0,0,1,2,6
2022-01-31,Afghanistan,1,2,5,8,21
2022-01-31,Australia,0,0,3,6,15
2022-02-01,Sweden,0,0,0,2,7
2022-02-01,Afghanistan,1,2,5,8,21
2022-02-01,Australia,0,0,3,6,15
2022-02-02,Sweden,0,0,0,2,7
2022-02-02,Afghanistan,0,3,5,8,21
2022-02-02,Australia,0,0,3,6,15
2022-02-03,Sweden,0,0,0,2,7
2022-02-03,Afghanistan,0,3,5,8,21
2022-02-03,Australia,0,0,3,6,15
2022-02-04,Sweden,0,0,0,2,7
2022-02-04,Afghanistan,0,2,5,8,22
2022-02-04,Australia,0,0,3,6,15
2022-02-05,Sweden,0,0,0,2,7
2022-02-05,Afghanistan,0,1,4,9,23
2022-02-05,Australia,0,0,3,6,15
2022-02-06,Sweden,0,0,0,2,7
2022-02-06,Afghanistan,0,1,4,9,23
2022-02-06,Australia,0,0,2,6,16
2022-02-07,Sweden,0,0,0,2,7
2022-02-07,Afghanistan,0,0,3,9,25
2022-02-07,Australia,0,0,2,6,16
2022-02-08,Sweden,0,0,0,2,7
2022-02-08,Afghanistan,0,0,1,10,26
2022-02-08,Australia,0,0,1,6,17
2022-02-09,Sweden,0,0,0,2,7
2022-02-09,Afghanistan,0,0,1,10,26
2022-02-09,Australia,0,0,1,6,17
2022-02-10,Sweden,0,0,0,2,7
2022-02-10,Afghanistan,0,0,0,10,27
2022-02-10,Australia,0,0,1,6,17
2022-02-11,Sweden,0,0,0,2,7
2022-02-11,Afghanistan,0,0,0,10,27
2022-02-11,Australia,0,0,1,6,17
2022-02-12,Sweden,0,0,0,2,7
2022-02-12,Afghanistan,0,0,0,10,27
2022-02-12,Australia,0,0,1,6,17
2022-02-13,Sweden,0,0,0,2,7
2022-02-13,Afghanistan,0,0,0,10,27
2022-02-13,Australia,0,0,0,6,18
2022-02-14,Sweden,0,0,0,2,7
2022-02-14,Afghanistan,0,0,0,10,27
2022-02-14,Australia,0,0,0,6,18
2022-02-15,Sweden,0,0,0,2,7
2022-02-15,Afghanistan,0,0,0,10,27
2022-02-15,Australia,0,0,0,6,18
2022-02-16,Sweden,0,0,0,2,7
2022-02-16,Afghanistan,0,0,0,10,27
2022-02-16,Australia,0,0,0,6,18
2022-02-17,Sweden,0,0,0,2,7
2022-02-17,Afghanistan,0,0,0,10,27
2022-02-17,Australia,0,0,0,6,18
2022-02-18,Sweden,0,0,0,2,7
2022-02-18,Afghanistan,0,0,0,10,27
2022-02-18,Australia,0,0,0,6,18
2022-02-19,Sweden,0,0,0,2,7
2022-02-19,Afghanistan,0,0,0,10,27
2022-02-19,Australia,0,0,0,6,18
2022-02-20,Sweden,0,0,0,2,7
2022-02-20,Afghanistan,0,0,0,10,27
2022-02-20,Australia,0,0,0,6,18
2022-02-21,Sweden,0,0,0,2,7
2022-02-21,Afghanistan,1,0,0,10,26
2022-02-21,Australia,0,0,0,6,18
2022-02-22,Sweden,0,0,0,2,7
2022-02-22,Afghanistan,1,0,0,10,26
2022-02-22,Australia,0,0,0,6,18
2022-02-23,Sweden,0,0,0,2,7
2022-02-23,Afghanistan,1,0,0,10,26
2022-02-23,Australia,0,0,0,6,18
2022-02-24,Sweden,0,0,0,2,7
2022-02-24,Afghanistan,0,1,0,10,26
2022-02-24,Australia,0,0,0,6,18
2022-02-25,Sweden,0,0,0,2,7
2022-02-25,Afghanistan,0,1,0,10,26
2022-02-25,Australia,0,0,0,6,18
2022-02-26,Sweden,0,0,0,2,7
2022-02-26,Afghanistan,0,1,0,10,26
2022-02-26,Australia,0,0,0,6,18
2022-02-27,Sweden,0,0,0,2,7
2022-02-27,Afghanistan,0,1,0,10,26
2022-02-27,Australia,0,0,0,6,18
2022-02-28,Sweden,0,0,0,2,7
2022-02-28,Afghanistan,0,1,0,10,26
2022-02-28,Australia,0,0,0,6,18
2022-03-01,Sweden,0,0,0,2,7
2022-03-01,Afghanistan,0,0,0,10,27
2022-03-01,Australia,0,0,0,6,18
2022-03-02,Sweden,0,0,0,2,7
2022-03-02,Afghanistan,0,0,0,10,27
2022-03-02,Australia,0,0,0,6,18
2022-03-03,Sweden,0,0,0,2,7
2022-03-03,Afghanistan,0,0,0,10,27
2022-03-03,Australia,0,0,0,6,18
2022-03-04,Sweden,0,0,0,2,7
2022-03-04,Afghanistan,0,0,0,10,27
2022-03-04,Australia,0,0,0,6,18
2022-03-05,Sweden,0,0,0,2,7
2022-03-05,Afghanistan,0,0,0,10,27
2022-03-05,Australia,0,0,0,6,18
2022-03-06,Sweden,0,0,0,2,7
2022-03-06,Afghanistan,0,0,0,10,27
2022-03-06,Australia,0,0,0,6,18
2022-03-07,Sweden,0,0,0,2,7
2022-03-07,Afghanistan,0,0,0,10,27
2022-03-07,Australia,0,0,0,6,18
2022-03-08,Sweden,0,0,0,2,7
2022-03-08,Afghanistan,0,0,0,10,27
2022-03-08,Australia,0,0,0,6,18
2022-03-09,Sweden,0,0,0,2,7
2022-03-09,Afghanistan,0,0,0,10,27
2022-03-09,Australia,0,0,0,6,18
2022-03-10,Sweden,0,0,0,2,7
2022-03-10,Afghanistan,0,0,0,10,27
2022-03-10,Australia,0,0,0,6,18
2022-03-11,Sweden,0,0,0,2,7
2022-03-11,Afghanistan,0,0,0,10,27
2022-03-11,Australia,0,0,0,6,18
2022-03-12,Sweden,0,0,0,2,7
2022-03-12,Afghanistan,0,0,0,10,27
2022-03-12,Australia,0,0,0,6,18
2022-03-13,Sweden,0,0,0,2,7
2022-03-13,Afghanistan,0,0,0,10,27
2022-03-13,Australia,0,0,0,6,18
2022-03-14,Sweden,0,0,0,2,7
2022-03-14,Afghanistan,0,0,0,10,27
2022-03-14,Australia,0,0,0,6,18
2022-03-15,Sweden,0,0,0,2,7
2022-03-15,Afghanistan,0,0,0,10,27
2022-03-15,Australia,0,0,0,6,18
2022-03-16,Sweden,0,0,0,2,7
2022-03-16,Afghanistan,0,0,0,10,27
2022-03-16,Australia,0,0,0,6,18
2022-03-17,Sweden,0,0,0,2,7
2022-03-17,Afghanistan,0,0,0,10,27
2022-03-17,Australia,0,0,0,6,18
2022-03-18,Sweden,0,0,0,2,7
2022-03-18,Afghanistan,0,0,0,10,27
2022-03-18,Australia,0,0,0,6,18
2022-03-19,Sweden,0,0,0,2,7
2022-03-19,Afghanistan,0,0,0,10,27
2022-03-19,Australia,0,0,0,6,18
2022-03-20,Sweden,0,0,0,2,7
2022-03-20,Afghanistan,0,0,0,10,27
2022-03-20,Australia,0,0,0,6,18
2022-03-21,Sweden,0,0,0,2,7
2022-03-21,Afghanistan,0,0,0,10,27
2022-03-21,Australia,0,0,0,6,18
2022-03-22,Sweden,0,0,0,2,7
2022-03-22,Afghanistan,0,0,0,10,27
2022-03-22,Australia,0,0,0,6,18
2022-03-23,Sweden,0,0,0,2,7
2022-03-23,Afghanistan,0,0,0,10,27
2022-03-23,Australia,0,0,0,6,18
2022-03-24,Sweden,0,0,0,2,7
2022-03-24,Afghanistan,0,0,0,10,27
2022-03-24,Australia,0,0,0,6,18
2022-03-25,Sweden,0,0,0,2,7
2022-03-25,Afghanistan,0,0,0,10,27
2022-03-25,Australia,0,0,0,6,18
2022-03-26,Sweden,0,0,0,2,7
2022-03-26,Afghanistan,0,0,0,10,27
2022-03-26,Australia,0,0,0,6,18
2022-03-27,Sweden,0,0,0,2,7
2022-03-27,Afghanistan,0,0,0,10,27
2022-03-27,Australia,0,0,0,6,18
2022-03-28,Sweden,0,0,0,2,7
2022-03-28,Afghanistan,0,0,0,10,27
2022-03-28,Australia,0,0,0,6,18
2022-03-29,Sweden,0,0,0,2,7
2022-03-29,Afghanistan,0,0,0,10,27
2022-03-29,Australia,0,0,0,6,18
2022-03-30,Sweden,0,0,0,2,7
2022-03-30,Afghanistan,0,0,0,10,27
2022-03-30,Australia,0,0,0,6,18
2022-03-31,Sweden,0,0,0,2,7
2022-03-31,Afghanistan,0,0,0,10,27
2022-03-31,Australia,0,0,0,6,18
2022-04-01,Sweden,0,0,0,2,7
2022-04-01,Afghanistan,0,0,0,10,27
2022-04-01,Australia,0,0,0,6,18
2022-04-02,Sweden,0,0,0,2,7
2022-04-02,Afghanistan,0,0,0,10,27
2022-04-02,Australia,0,0,0,6,18
2022-04-03,Sweden,0,0,0,2,7
2022-04-03,Afghanistan,0,0,0,10,27
2022-04-03,Australia,0,0,0,6,18
2022-04-04,Sweden,0,0,0,2,7
2022-04-04,Afghanistan,0,0,0,10,27
2022-04-04,Australia,0,0,0,6,18
2022-04-05,Sweden,0,0,0,2,7
2022-04-05,Afghanistan,0,0,0,10,27
2022-04-05,Australia,0,0,0,6,18
2022-04-06,Sweden,0,0,0,2,7
2022-04-06,Afghanistan,0,0,0,10,27
2022-04-06,Australia,0,0,0,6,18
2022-04-07,Sweden,0,0,0,2,7
2022-04-07,Afghanistan,0,0,0,10,27
2022-04-07,Australia,0,0,0,6,18
2022-04-08,Sweden,0,0,0,2,7
2022-04-08,Afghanistan,0,0,0,10,27
2022-04-08,Australia,0,0,0,6,18
2022-04-09,Sweden,0,0,0,2,7
2022-04-09,Afghanistan,0,0,0,10,27
2022-04-09,Australia,0,0,0,6,18
2022-04-10,Sweden,0,0,0,2,7
2022-04-10,Afghanistan,0,0,0,10,27
2022-04-10,Australia,0,0,0,6,18
2022-04-11,Sweden,0,0,0,2,7
2022-04-11,Afghanistan,0,0,0,10,27
2022-04-11,Australia,0,0,0,6,18
2022-04-12,Sweden,0,0,0,2,7
2022-04-12,Afghanistan,0,0,0,10,27
2022-04-12,Australia,0,0,0,6,18
2022-04-13,Sweden,0,0,0,2,7
2022-04-13,Afghanistan,0,0,0,10,27
2022-04-13,Australia,0,0,0,6,18
2022-04-14,Sweden,0,0,0,2,7
2022-04-14,Afghanistan,0,0,0,10,27
2022-04-14,Australia,0,0,0,6,18
2022-04-15,Sweden,0,0,0,2,7
2022-04-15,Afghanistan,0,0,0,10,27
2022-04-15,Australia,0,0,0,6,18
2022-04-16,Sweden,0,0,0,2,7
2022-04-16,Afghanistan,0,0,0,10,27
2022-04-16,Australia,0,0,0,6,18
2022-04-17,Sweden,0,0,0,2,7
2022-04-17,Afghanistan,0,0,0,10,27
2022-04-17,Australia,0,0,0,6,18
2022-04-18,Sweden,0,0,0,2,7
2022-04-18,Afghanistan,0,0,0,10,27
2022-04-18,Australia,0,0,0,6,18
2022-04-19,Sweden,0,0,0,2,7
2022-04-19,Afghanistan,0,0,0,10,27
2022-04-19,Australia,1,0,0,6,17
2022-04-20,Sweden,1,0,0,2,6
2022-04-20,Afghanistan,0,0,0,10,27
2022-04-20,Australia,0,1,0,6,17
2022-04-21,Sweden,1,0,0,2,6
2022-04-21,Afghanistan,0,0,0,10,27
2022-04-21,Australia,0,1,0,6,17
2022-04-22,Sweden,0,1,0,2,6
2022-04-22,Afghanistan,0,0,0,10,27
2022-04-22,Australia,0,1,0,6,17
2022-04-23,Sweden,1,1,0,2,5
2022-04-23,Afghanistan,0,0,0,10,27
2022-04-23,Australia,0,1,0,6,17
2022-04-24,Sweden,0,2,0,2,5
2022-04-24,Afghanistan,0,0,0,10,27
2022-04-24,Australia,0,1,0,6,17
2022-04-25,Sweden,0,2,0,2,5
2022-04-25,Afghanistan,0,0,0,10,27
2022-04-25,Australia,0,0,0,6,18
2022-04-26,Sweden,0,2,0,2,5
2022-04-26,Afghanistan,0,0,0,10,27
2022-04-26,Australia,1,0,0,6,17
2022-04-27,Sweden,0,1,1,2,5
2022-04-27,Afghanistan,0,0,0,10,27
2022-04-27,Australia,1,0,0,6,17
2022-04-28,Sweden,0,1,1,2,5
2022-04-28,Afghanistan,1,0,0,10,26
2022-04-28,Australia,1,0,0,6,17
2022-04-29,Sweden,0,0,1,2,6
2022-04-29,Afghanistan,0,1,0,10,26
2022-04-29,Australia,1,0,0,6,17
2022-04-30,Sweden,1,0,1,2,5
2022-04-30,Afghanistan,0,1,0,10,26
2022-04-30,Australia,1,0,0,6,17
